/*
 Navicat Premium Data Transfer

 Source Server         : localhost
 Source Server Type    : MySQL
 Source Server Version : 80013
 Source Host           : 127.0.0.1:3306
 Source Schema         : demo

 Target Server Type    : MySQL
 Target Server Version : 80013
 File Encoding         : 65001

 Date: 23/07/2019 22:05:01
*/

SET NAMES utf8;
SET FOREIGN_KEY_CHECKS = 0;

-- ----------------------------
-- Table structure for dept
-- ----------------------------
DROP TABLE IF EXISTS `dept`;
CREATE TABLE `dept`  (
  `id` tinyint(3) UNSIGNED NOT NULL AUTO_INCREMENT,
  `dept_name` varchar(64) CHARACTER SET utf8 COLLATE utf8_general_ci NULL DEFAULT NULL,
  PRIMARY KEY (`id`) USING BTREE
) ENGINE = InnoDB AUTO_INCREMENT = 17 CHARACTER SET = utf8 COLLATE = utf8_general_ci ROW_FORMAT = Dynamic;

-- ----------------------------
-- Records of dept
-- ----------------------------
INSERT INTO `dept` VALUES (2, '??2');
INSERT INTO `dept` VALUES (3, '??3');
INSERT INTO `dept` VALUES (4, '??4');
INSERT INTO `dept` VALUES (5, '??6');
INSERT INTO `dept` VALUES (6, '??5');
INSERT INTO `dept` VALUES (7, '??8');
INSERT INTO `dept` VALUES (16, '??1');

-- ----------------------------
-- Table structure for employee
-- ----------------------------
DROP TABLE IF EXISTS `employee`;
CREATE TABLE `employee`  (
  `id` int(10) UNSIGNED NOT NULL AUTO_INCREMENT,
  `NAME` varchar(64) CHARACTER SET utf8 COLLATE utf8_general_ci NULL DEFAULT NULL,
  `age` tinyint(4) NULL DEFAULT NULL,
  `birth` datetime(0) NOT NULL DEFAULT CURRENT_TIMESTAMP,
  PRIMARY KEY (`id`) USING BTREE
) ENGINE = InnoDB AUTO_INCREMENT = 6 CHARACTER SET = utf8 COLLATE = utf8_general_ci ROW_FORMAT = Dynamic;

-- ----------------------------
-- Records of employee
-- ----------------------------
INSERT INTO `employee` VALUES (2, 'admin', 18, '2019-07-17 13:04:02');
INSERT INTO `employee` VALUES (3, 'admin', 18, '2019-07-17 13:04:03');
INSERT INTO `employee` VALUES (4, 'admin', 18, '2019-07-18 15:09:59');
INSERT INTO `employee` VALUES (5, 'admin', 18, '2019-07-18 15:10:04');
INSERT INTO `employee` VALUES (6, 'admin', 18, '2019-07-18 15:10:07');

-- ----------------------------
-- Table structure for mbg
-- ----------------------------
DROP TABLE IF EXISTS `mbg`;
CREATE TABLE `mbg`  (
  `id` int(10) UNSIGNED NOT NULL AUTO_INCREMENT,
  `name` varchar(20) CHARACTER SET utf8mb4 COLLATE utf8mb4_0900_ai_ci NULL DEFAULT NULL,
  `create_time` datetime(0) NULL DEFAULT CURRENT_TIMESTAMP,
  PRIMARY KEY (`id`) USING BTREE
) ENGINE = InnoDB AUTO_INCREMENT = 3 CHARACTER SET = utf8mb4 COLLATE = utf8mb4_0900_ai_ci ROW_FORMAT = Dynamic;

-- ----------------------------
-- Records of mbg
-- ----------------------------
INSERT INTO `mbg` VALUES (1, 'john', '2019-07-22 21:09:47');
INSERT INTO `mbg` VALUES (2, 'admin', '2019-07-22 21:10:00');

-- ----------------------------
-- Table structure for teacher
-- ----------------------------
DROP TABLE IF EXISTS `teacher`;
CREATE TABLE `teacher`  (
  `id` int(10) UNSIGNED NOT NULL AUTO_INCREMENT,
  `first_name` varchar(20) CHARACTER SET utf8 COLLATE utf8_general_ci NULL DEFAULT NULL,
  `sex` int(1) NULL DEFAULT NULL,
  `subject` varchar(64) CHARACTER SET utf8 COLLATE utf8_general_ci NULL DEFAULT NULL,
  `deptNum` tinyint(3) UNSIGNED NULL DEFAULT NULL,
  `status` varchar(4) CHARACTER SET utf8 COLLATE utf8_general_ci NULL DEFAULT NULL,
  `comment` text CHARACTER SET utf8 COLLATE utf8_general_ci NULL,
  PRIMARY KEY (`id`) USING BTREE,
  INDEX `teacher_dept_fk`(`deptNum`) USING BTREE,
  CONSTRAINT `teacher_dept_fk` FOREIGN KEY (`deptNum`) REFERENCES `dept` (`id`) ON DELETE SET NULL ON UPDATE CASCADE
) ENGINE = InnoDB AUTO_INCREMENT = 755 CHARACTER SET = utf8 COLLATE = utf8_general_ci ROW_FORMAT = Dynamic;

-- ----------------------------
-- Records of teacher
-- ----------------------------
INSERT INTO `teacher` VALUES (1, 'admin', 1, '????', 16, '200', NULL);
INSERT INTO `teacher` VALUES (2, 'xiaohong', 0, '??', 2, '200', NULL);
INSERT INTO `teacher` VALUES (4, 'xiaogang', 1, '???', 2, '200', NULL);
INSERT INTO `teacher` VALUES (5, 'xiaoqiang', 1, '??', 3, NULL, NULL);
INSERT INTO `teacher` VALUES (6, 'john', 1, '??', 3, NULL, NULL);
INSERT INTO `teacher` VALUES (7, 'teacher1', 0, NULL, NULL, NULL, NULL);
INSERT INTO `teacher` VALUES (8, 'teacher2', 0, NULL, NULL, NULL, NULL);
INSERT INTO `teacher` VALUES (9, 'teacher3', 0, NULL, 3, NULL, NULL);
INSERT INTO `teacher` VALUES (10, 'teacher3', 0, NULL, 3, NULL, NULL);
INSERT INTO `teacher` VALUES (11, 'teacher3', 0, NULL, 3, NULL, NULL);
INSERT INTO `teacher` VALUES (12, 'teacher3', 0, NULL, 3, NULL, NULL);
INSERT INTO `teacher` VALUES (13, 'teacher3', 0, NULL, 3, NULL, NULL);
INSERT INTO `teacher` VALUES (14, 'teacher3', 0, NULL, 3, NULL, NULL);
INSERT INTO `teacher` VALUES (15, 'teacher3', 0, NULL, 3, NULL, NULL);
INSERT INTO `teacher` VALUES (16, 'teacher3', 0, NULL, 3, NULL, NULL);
INSERT INTO `teacher` VALUES (17, 'teacher3', 0, NULL, 3, NULL, NULL);
INSERT INTO `teacher` VALUES (18, 'teacher3', 0, NULL, 3, NULL, NULL);
INSERT INTO `teacher` VALUES (19, 'teacher3', 0, NULL, 3, NULL, NULL);
INSERT INTO `teacher` VALUES (20, 'teacher3', 0, NULL, 3, NULL, NULL);
INSERT INTO `teacher` VALUES (21, 'teacher3', 0, NULL, 3, NULL, NULL);
INSERT INTO `teacher` VALUES (22, 'teacher3', 0, NULL, 3, NULL, NULL);
INSERT INTO `teacher` VALUES (23, 'teacher3', 0, NULL, 3, NULL, NULL);
INSERT INTO `teacher` VALUES (24, 'teacher3', 0, NULL, 3, NULL, NULL);
INSERT INTO `teacher` VALUES (25, 'teacher3', 0, NULL, 3, NULL, NULL);
INSERT INTO `teacher` VALUES (26, 'teacher0', 0, NULL, NULL, NULL, NULL);
INSERT INTO `teacher` VALUES (27, 'teacher1', 0, NULL, NULL, NULL, NULL);
INSERT INTO `teacher` VALUES (28, 'teacher2', 0, NULL, NULL, NULL, NULL);
INSERT INTO `teacher` VALUES (29, 'teacher3', 0, NULL, NULL, NULL, NULL);
INSERT INTO `teacher` VALUES (30, 'teacher4', 0, NULL, NULL, NULL, NULL);
INSERT INTO `teacher` VALUES (31, 'teacher5', 0, NULL, NULL, NULL, NULL);
INSERT INTO `teacher` VALUES (32, 'teacher6', 0, NULL, NULL, NULL, NULL);
INSERT INTO `teacher` VALUES (33, 'teacher7', 0, NULL, NULL, NULL, NULL);
INSERT INTO `teacher` VALUES (34, 'teacher8', 0, NULL, NULL, NULL, NULL);
INSERT INTO `teacher` VALUES (35, 'teacher9', 0, NULL, NULL, NULL, NULL);
INSERT INTO `teacher` VALUES (36, 'teacher10', 0, NULL, NULL, NULL, NULL);
INSERT INTO `teacher` VALUES (37, 'teacher11', 0, NULL, NULL, NULL, NULL);
INSERT INTO `teacher` VALUES (38, 'teacher12', 0, NULL, NULL, NULL, NULL);
INSERT INTO `teacher` VALUES (39, 'teacher13', 0, NULL, NULL, NULL, NULL);
INSERT INTO `teacher` VALUES (40, 'teacher14', 0, NULL, NULL, NULL, NULL);
INSERT INTO `teacher` VALUES (41, 'teacher15', 0, NULL, NULL, NULL, NULL);
INSERT INTO `teacher` VALUES (42, 'teacher16', 0, NULL, NULL, NULL, NULL);
INSERT INTO `teacher` VALUES (43, 'teacher17', 0, NULL, NULL, NULL, NULL);
INSERT INTO `teacher` VALUES (44, 'teacher18', 0, NULL, NULL, NULL, NULL);
INSERT INTO `teacher` VALUES (45, 'teacher19', 0, NULL, NULL, NULL, NULL);
INSERT INTO `teacher` VALUES (46, 'teacher20', 0, NULL, NULL, NULL, NULL);
INSERT INTO `teacher` VALUES (47, 'teacher21', 0, NULL, NULL, NULL, NULL);
INSERT INTO `teacher` VALUES (48, 'teacher22', 0, NULL, NULL, NULL, NULL);
INSERT INTO `teacher` VALUES (49, 'teacher23', 0, NULL, NULL, NULL, NULL);
INSERT INTO `teacher` VALUES (50, 'teacher24', 0, NULL, NULL, NULL, NULL);
INSERT INTO `teacher` VALUES (51, 'teacher25', 0, NULL, NULL, NULL, NULL);
INSERT INTO `teacher` VALUES (52, 'teacher26', 0, NULL, NULL, NULL, NULL);
INSERT INTO `teacher` VALUES (53, 'teacher27', 0, NULL, NULL, NULL, NULL);
INSERT INTO `teacher` VALUES (54, 'teacher28', 0, NULL, NULL, NULL, NULL);
INSERT INTO `teacher` VALUES (55, 'teacher29', 0, NULL, NULL, NULL, NULL);
INSERT INTO `teacher` VALUES (56, 'teacher30', 0, NULL, NULL, NULL, NULL);
INSERT INTO `teacher` VALUES (57, 'teacher31', 0, NULL, NULL, NULL, NULL);
INSERT INTO `teacher` VALUES (58, 'teacher32', 0, NULL, NULL, NULL, NULL);
INSERT INTO `teacher` VALUES (59, 'teacher33', 0, NULL, NULL, NULL, NULL);
INSERT INTO `teacher` VALUES (60, 'teacher34', 0, NULL, NULL, NULL, NULL);
INSERT INTO `teacher` VALUES (61, 'teacher35', 0, NULL, NULL, NULL, NULL);
INSERT INTO `teacher` VALUES (62, 'teacher36', 0, NULL, NULL, NULL, NULL);
INSERT INTO `teacher` VALUES (63, 'teacher37', 0, NULL, NULL, NULL, NULL);
INSERT INTO `teacher` VALUES (64, 'teacher38', 0, NULL, NULL, NULL, NULL);
INSERT INTO `teacher` VALUES (65, 'teacher39', 0, NULL, NULL, NULL, NULL);
INSERT INTO `teacher` VALUES (66, 'teacher40', 0, NULL, NULL, NULL, NULL);
INSERT INTO `teacher` VALUES (67, 'teacher41', 0, NULL, NULL, NULL, NULL);
INSERT INTO `teacher` VALUES (68, 'teacher42', 0, NULL, NULL, NULL, NULL);
INSERT INTO `teacher` VALUES (69, 'teacher43', 0, NULL, NULL, NULL, NULL);
INSERT INTO `teacher` VALUES (70, 'teacher44', 0, NULL, NULL, NULL, NULL);
INSERT INTO `teacher` VALUES (71, 'teacher45', 0, NULL, NULL, NULL, NULL);
INSERT INTO `teacher` VALUES (72, 'teacher46', 0, NULL, NULL, NULL, NULL);
INSERT INTO `teacher` VALUES (73, 'teacher47', 0, NULL, NULL, NULL, NULL);
INSERT INTO `teacher` VALUES (74, 'teacher48', 0, NULL, NULL, NULL, NULL);
INSERT INTO `teacher` VALUES (75, 'teacher49', 0, NULL, NULL, NULL, NULL);
INSERT INTO `teacher` VALUES (76, 'teacher50', 0, NULL, NULL, NULL, NULL);
INSERT INTO `teacher` VALUES (77, 'teacher51', 0, NULL, NULL, NULL, NULL);
INSERT INTO `teacher` VALUES (78, 'teacher52', 0, NULL, NULL, NULL, NULL);
INSERT INTO `teacher` VALUES (79, 'teacher53', 0, NULL, NULL, NULL, NULL);
INSERT INTO `teacher` VALUES (80, 'teacher54', 0, NULL, NULL, NULL, NULL);
INSERT INTO `teacher` VALUES (81, 'teacher55', 0, NULL, NULL, NULL, NULL);
INSERT INTO `teacher` VALUES (82, 'teacher56', 0, NULL, NULL, NULL, NULL);
INSERT INTO `teacher` VALUES (83, 'teacher57', 0, NULL, NULL, NULL, NULL);
INSERT INTO `teacher` VALUES (84, 'teacher58', 0, NULL, NULL, NULL, NULL);
INSERT INTO `teacher` VALUES (85, 'teacher59', 0, NULL, NULL, NULL, NULL);
INSERT INTO `teacher` VALUES (86, 'teacher60', 0, NULL, NULL, NULL, NULL);
INSERT INTO `teacher` VALUES (87, 'teacher61', 0, NULL, NULL, NULL, NULL);
INSERT INTO `teacher` VALUES (88, 'teacher62', 0, NULL, NULL, NULL, NULL);
INSERT INTO `teacher` VALUES (89, 'teacher63', 0, NULL, NULL, NULL, NULL);
INSERT INTO `teacher` VALUES (90, 'teacher64', 0, NULL, NULL, NULL, NULL);
INSERT INTO `teacher` VALUES (91, 'teacher65', 0, NULL, NULL, NULL, NULL);
INSERT INTO `teacher` VALUES (92, 'teacher66', 0, NULL, NULL, NULL, NULL);
INSERT INTO `teacher` VALUES (93, 'teacher67', 0, NULL, NULL, NULL, NULL);
INSERT INTO `teacher` VALUES (94, 'teacher68', 0, NULL, NULL, NULL, NULL);
INSERT INTO `teacher` VALUES (95, 'teacher69', 0, NULL, NULL, NULL, NULL);
INSERT INTO `teacher` VALUES (96, 'teacher70', 0, NULL, NULL, NULL, NULL);
INSERT INTO `teacher` VALUES (97, 'teacher71', 0, NULL, NULL, NULL, NULL);
INSERT INTO `teacher` VALUES (98, 'teacher72', 0, NULL, NULL, NULL, NULL);
INSERT INTO `teacher` VALUES (99, 'teacher73', 0, NULL, NULL, NULL, NULL);
INSERT INTO `teacher` VALUES (100, 'teacher74', 0, NULL, NULL, NULL, NULL);
INSERT INTO `teacher` VALUES (101, 'teacher75', 0, NULL, NULL, NULL, NULL);
INSERT INTO `teacher` VALUES (102, 'teacher76', 0, NULL, NULL, NULL, NULL);
INSERT INTO `teacher` VALUES (103, 'teacher77', 0, NULL, NULL, NULL, NULL);
INSERT INTO `teacher` VALUES (104, 'teacher78', 0, NULL, NULL, NULL, NULL);
INSERT INTO `teacher` VALUES (105, 'teacher79', 0, NULL, NULL, NULL, NULL);
INSERT INTO `teacher` VALUES (106, 'teacher80', 0, NULL, NULL, NULL, NULL);
INSERT INTO `teacher` VALUES (107, 'teacher81', 0, NULL, NULL, NULL, NULL);
INSERT INTO `teacher` VALUES (108, 'teacher82', 0, NULL, NULL, NULL, NULL);
INSERT INTO `teacher` VALUES (109, 'teacher83', 0, NULL, NULL, NULL, NULL);
INSERT INTO `teacher` VALUES (110, 'teacher84', 0, NULL, NULL, NULL, NULL);
INSERT INTO `teacher` VALUES (111, 'teacher85', 0, NULL, NULL, NULL, NULL);
INSERT INTO `teacher` VALUES (112, 'teacher86', 0, NULL, NULL, NULL, NULL);
INSERT INTO `teacher` VALUES (113, 'teacher87', 0, NULL, NULL, NULL, NULL);
INSERT INTO `teacher` VALUES (114, 'teacher88', 0, NULL, NULL, NULL, NULL);
INSERT INTO `teacher` VALUES (115, 'teacher89', 0, NULL, NULL, NULL, NULL);
INSERT INTO `teacher` VALUES (116, 'teacher90', 0, NULL, NULL, NULL, NULL);
INSERT INTO `teacher` VALUES (117, 'teacher91', 0, NULL, NULL, NULL, NULL);
INSERT INTO `teacher` VALUES (118, 'teacher92', 0, NULL, NULL, NULL, NULL);
INSERT INTO `teacher` VALUES (119, 'teacher93', 0, NULL, NULL, NULL, NULL);
INSERT INTO `teacher` VALUES (120, 'teacher94', 0, NULL, NULL, NULL, NULL);
INSERT INTO `teacher` VALUES (121, 'teacher95', 0, NULL, NULL, NULL, NULL);
INSERT INTO `teacher` VALUES (122, 'teacher96', 0, NULL, NULL, NULL, NULL);
INSERT INTO `teacher` VALUES (123, 'teacher97', 0, NULL, NULL, NULL, NULL);
INSERT INTO `teacher` VALUES (124, 'teacher98', 0, NULL, NULL, NULL, NULL);
INSERT INTO `teacher` VALUES (125, 'teacher99', 0, NULL, NULL, NULL, NULL);
INSERT INTO `teacher` VALUES (126, 'teacher0', 0, NULL, NULL, NULL, NULL);
INSERT INTO `teacher` VALUES (127, 'teacher1', 0, NULL, NULL, NULL, NULL);
INSERT INTO `teacher` VALUES (128, 'teacher2', 0, NULL, NULL, NULL, NULL);
INSERT INTO `teacher` VALUES (129, 'teacher3', 0, NULL, NULL, NULL, NULL);
INSERT INTO `teacher` VALUES (130, 'teacher4', 0, NULL, NULL, NULL, NULL);
INSERT INTO `teacher` VALUES (131, 'teacher5', 0, NULL, NULL, NULL, NULL);
INSERT INTO `teacher` VALUES (132, 'teacher6', 0, NULL, NULL, NULL, NULL);
INSERT INTO `teacher` VALUES (133, 'teacher7', 0, NULL, NULL, NULL, NULL);
INSERT INTO `teacher` VALUES (134, 'teacher8', 0, NULL, NULL, NULL, NULL);
INSERT INTO `teacher` VALUES (135, 'teacher9', 0, NULL, NULL, NULL, NULL);
INSERT INTO `teacher` VALUES (136, 'teacher10', 0, NULL, NULL, NULL, NULL);
INSERT INTO `teacher` VALUES (137, 'teacher11', 0, NULL, NULL, NULL, NULL);
INSERT INTO `teacher` VALUES (138, 'teacher12', 0, NULL, NULL, NULL, NULL);
INSERT INTO `teacher` VALUES (139, 'teacher13', 0, NULL, NULL, NULL, NULL);
INSERT INTO `teacher` VALUES (140, 'teacher14', 0, NULL, NULL, NULL, NULL);
INSERT INTO `teacher` VALUES (141, 'teacher15', 0, NULL, NULL, NULL, NULL);
INSERT INTO `teacher` VALUES (142, 'teacher16', 0, NULL, NULL, NULL, NULL);
INSERT INTO `teacher` VALUES (143, 'teacher17', 0, NULL, NULL, NULL, NULL);
INSERT INTO `teacher` VALUES (144, 'teacher18', 0, NULL, NULL, NULL, NULL);
INSERT INTO `teacher` VALUES (145, 'teacher19', 0, NULL, NULL, NULL, NULL);
INSERT INTO `teacher` VALUES (146, 'teacher20', 0, NULL, NULL, NULL, NULL);
INSERT INTO `teacher` VALUES (147, 'teacher21', 0, NULL, NULL, NULL, NULL);
INSERT INTO `teacher` VALUES (148, 'teacher22', 0, NULL, NULL, NULL, NULL);
INSERT INTO `teacher` VALUES (149, 'teacher23', 0, NULL, NULL, NULL, NULL);
INSERT INTO `teacher` VALUES (150, 'teacher24', 0, NULL, NULL, NULL, NULL);
INSERT INTO `teacher` VALUES (151, 'teacher25', 0, NULL, NULL, NULL, NULL);
INSERT INTO `teacher` VALUES (152, 'teacher26', 0, NULL, NULL, NULL, NULL);
INSERT INTO `teacher` VALUES (153, 'teacher27', 0, NULL, NULL, NULL, NULL);
INSERT INTO `teacher` VALUES (154, 'teacher28', 0, NULL, NULL, NULL, NULL);
INSERT INTO `teacher` VALUES (155, 'teacher29', 0, NULL, NULL, NULL, NULL);
INSERT INTO `teacher` VALUES (156, 'teacher30', 0, NULL, NULL, NULL, NULL);
INSERT INTO `teacher` VALUES (157, 'teacher31', 0, NULL, NULL, NULL, NULL);
INSERT INTO `teacher` VALUES (158, 'teacher32', 0, NULL, NULL, NULL, NULL);
INSERT INTO `teacher` VALUES (159, 'teacher33', 0, NULL, NULL, NULL, NULL);
INSERT INTO `teacher` VALUES (160, 'teacher34', 0, NULL, NULL, NULL, NULL);
INSERT INTO `teacher` VALUES (161, 'teacher35', 0, NULL, NULL, NULL, NULL);
INSERT INTO `teacher` VALUES (162, 'teacher36', 0, NULL, NULL, NULL, NULL);
INSERT INTO `teacher` VALUES (163, 'teacher37', 0, NULL, NULL, NULL, NULL);
INSERT INTO `teacher` VALUES (164, 'teacher38', 0, NULL, NULL, NULL, NULL);
INSERT INTO `teacher` VALUES (165, 'teacher39', 0, NULL, NULL, NULL, NULL);
INSERT INTO `teacher` VALUES (166, 'teacher40', 0, NULL, NULL, NULL, NULL);
INSERT INTO `teacher` VALUES (167, 'teacher41', 0, NULL, NULL, NULL, NULL);
INSERT INTO `teacher` VALUES (168, 'teacher42', 0, NULL, NULL, NULL, NULL);
INSERT INTO `teacher` VALUES (169, 'teacher43', 0, NULL, NULL, NULL, NULL);
INSERT INTO `teacher` VALUES (170, 'teacher44', 0, NULL, NULL, NULL, NULL);
INSERT INTO `teacher` VALUES (171, 'teacher45', 0, NULL, NULL, NULL, NULL);
INSERT INTO `teacher` VALUES (172, 'teacher46', 0, NULL, NULL, NULL, NULL);
INSERT INTO `teacher` VALUES (173, 'teacher47', 0, NULL, NULL, NULL, NULL);
INSERT INTO `teacher` VALUES (174, 'teacher48', 0, NULL, NULL, NULL, NULL);
INSERT INTO `teacher` VALUES (175, 'teacher49', 0, NULL, NULL, NULL, NULL);
INSERT INTO `teacher` VALUES (176, 'teacher50', 0, NULL, NULL, NULL, NULL);
INSERT INTO `teacher` VALUES (177, 'teacher51', 0, NULL, NULL, NULL, NULL);
INSERT INTO `teacher` VALUES (178, 'teacher52', 0, NULL, NULL, NULL, NULL);
INSERT INTO `teacher` VALUES (179, 'teacher53', 0, NULL, NULL, NULL, NULL);
INSERT INTO `teacher` VALUES (180, 'teacher54', 0, NULL, NULL, NULL, NULL);
INSERT INTO `teacher` VALUES (181, 'teacher55', 0, NULL, NULL, NULL, NULL);
INSERT INTO `teacher` VALUES (182, 'teacher56', 0, NULL, NULL, NULL, NULL);
INSERT INTO `teacher` VALUES (183, 'teacher57', 0, NULL, NULL, NULL, NULL);
INSERT INTO `teacher` VALUES (184, 'teacher58', 0, NULL, NULL, NULL, NULL);
INSERT INTO `teacher` VALUES (185, 'teacher59', 0, NULL, NULL, NULL, NULL);
INSERT INTO `teacher` VALUES (186, 'teacher60', 0, NULL, NULL, NULL, NULL);
INSERT INTO `teacher` VALUES (187, 'teacher61', 0, NULL, NULL, NULL, NULL);
INSERT INTO `teacher` VALUES (188, 'teacher62', 0, NULL, NULL, NULL, NULL);
INSERT INTO `teacher` VALUES (189, 'teacher63', 0, NULL, NULL, NULL, NULL);
INSERT INTO `teacher` VALUES (190, 'teacher64', 0, NULL, NULL, NULL, NULL);
INSERT INTO `teacher` VALUES (191, 'teacher65', 0, NULL, NULL, NULL, NULL);
INSERT INTO `teacher` VALUES (192, 'teacher66', 0, NULL, NULL, NULL, NULL);
INSERT INTO `teacher` VALUES (193, 'teacher67', 0, NULL, NULL, NULL, NULL);
INSERT INTO `teacher` VALUES (194, 'teacher68', 0, NULL, NULL, NULL, NULL);
INSERT INTO `teacher` VALUES (195, 'teacher69', 0, NULL, NULL, NULL, NULL);
INSERT INTO `teacher` VALUES (196, 'teacher70', 0, NULL, NULL, NULL, NULL);
INSERT INTO `teacher` VALUES (197, 'teacher71', 0, NULL, NULL, NULL, NULL);
INSERT INTO `teacher` VALUES (198, 'teacher72', 0, NULL, NULL, NULL, NULL);
INSERT INTO `teacher` VALUES (199, 'teacher73', 0, NULL, NULL, NULL, NULL);
INSERT INTO `teacher` VALUES (200, 'teacher74', 0, NULL, NULL, NULL, NULL);
INSERT INTO `teacher` VALUES (201, 'teacher75', 0, NULL, NULL, NULL, NULL);
INSERT INTO `teacher` VALUES (202, 'teacher76', 0, NULL, NULL, NULL, NULL);
INSERT INTO `teacher` VALUES (203, 'teacher77', 0, NULL, NULL, NULL, NULL);
INSERT INTO `teacher` VALUES (204, 'teacher78', 0, NULL, NULL, NULL, NULL);
INSERT INTO `teacher` VALUES (205, 'teacher79', 0, NULL, NULL, NULL, NULL);
INSERT INTO `teacher` VALUES (206, 'teacher80', 0, NULL, NULL, NULL, NULL);
INSERT INTO `teacher` VALUES (207, 'teacher81', 0, NULL, NULL, NULL, NULL);
INSERT INTO `teacher` VALUES (208, 'teacher82', 0, NULL, NULL, NULL, NULL);
INSERT INTO `teacher` VALUES (209, 'teacher83', 0, NULL, NULL, NULL, NULL);
INSERT INTO `teacher` VALUES (210, 'teacher84', 0, NULL, NULL, NULL, NULL);
INSERT INTO `teacher` VALUES (211, 'teacher85', 0, NULL, NULL, NULL, NULL);
INSERT INTO `teacher` VALUES (212, 'teacher86', 0, NULL, NULL, NULL, NULL);
INSERT INTO `teacher` VALUES (213, 'teacher87', 0, NULL, NULL, NULL, NULL);
INSERT INTO `teacher` VALUES (214, 'teacher88', 0, NULL, NULL, NULL, NULL);
INSERT INTO `teacher` VALUES (215, 'teacher89', 0, NULL, NULL, NULL, NULL);
INSERT INTO `teacher` VALUES (216, 'teacher90', 0, NULL, NULL, NULL, NULL);
INSERT INTO `teacher` VALUES (217, 'teacher91', 0, NULL, NULL, NULL, NULL);
INSERT INTO `teacher` VALUES (218, 'teacher92', 0, NULL, NULL, NULL, NULL);
INSERT INTO `teacher` VALUES (219, 'teacher93', 0, NULL, NULL, NULL, NULL);
INSERT INTO `teacher` VALUES (220, 'teacher94', 0, NULL, NULL, NULL, NULL);
INSERT INTO `teacher` VALUES (221, 'teacher95', 0, NULL, NULL, NULL, NULL);
INSERT INTO `teacher` VALUES (222, 'teacher96', 0, NULL, NULL, NULL, NULL);
INSERT INTO `teacher` VALUES (223, 'teacher97', 0, NULL, NULL, NULL, NULL);
INSERT INTO `teacher` VALUES (224, 'teacher98', 0, NULL, NULL, NULL, NULL);
INSERT INTO `teacher` VALUES (225, 'teacher99', 0, NULL, NULL, NULL, NULL);
INSERT INTO `teacher` VALUES (255, 'teacher0', 0, NULL, NULL, NULL, NULL);
INSERT INTO `teacher` VALUES (256, 'teacher1', 0, NULL, NULL, NULL, NULL);
INSERT INTO `teacher` VALUES (257, 'teacher2', 0, NULL, NULL, NULL, NULL);
INSERT INTO `teacher` VALUES (258, 'teacher3', 0, NULL, NULL, NULL, NULL);
INSERT INTO `teacher` VALUES (259, 'teacher4', 0, NULL, NULL, NULL, NULL);
INSERT INTO `teacher` VALUES (260, 'teacher5', 0, NULL, NULL, NULL, NULL);
INSERT INTO `teacher` VALUES (261, 'teacher6', 0, NULL, NULL, NULL, NULL);
INSERT INTO `teacher` VALUES (262, 'teacher7', 0, NULL, NULL, NULL, NULL);
INSERT INTO `teacher` VALUES (263, 'teacher8', 0, NULL, NULL, NULL, NULL);
INSERT INTO `teacher` VALUES (264, 'teacher9', 0, NULL, NULL, NULL, NULL);
INSERT INTO `teacher` VALUES (265, 'teacher10', 0, NULL, NULL, NULL, NULL);
INSERT INTO `teacher` VALUES (266, 'teacher11', 0, NULL, NULL, NULL, NULL);
INSERT INTO `teacher` VALUES (267, 'teacher12', 0, NULL, NULL, NULL, NULL);
INSERT INTO `teacher` VALUES (268, 'teacher13', 0, NULL, NULL, NULL, NULL);
INSERT INTO `teacher` VALUES (269, 'teacher14', 0, NULL, NULL, NULL, NULL);
INSERT INTO `teacher` VALUES (270, 'teacher15', 0, NULL, NULL, NULL, NULL);
INSERT INTO `teacher` VALUES (271, 'teacher16', 0, NULL, NULL, NULL, NULL);
INSERT INTO `teacher` VALUES (272, 'teacher17', 0, NULL, NULL, NULL, NULL);
INSERT INTO `teacher` VALUES (273, 'teacher18', 0, NULL, NULL, NULL, NULL);
INSERT INTO `teacher` VALUES (274, 'teacher19', 0, NULL, NULL, NULL, NULL);
INSERT INTO `teacher` VALUES (275, 'teacher20', 0, NULL, NULL, NULL, NULL);
INSERT INTO `teacher` VALUES (276, 'teacher21', 0, NULL, NULL, NULL, NULL);
INSERT INTO `teacher` VALUES (277, 'teacher22', 0, NULL, NULL, NULL, NULL);
INSERT INTO `teacher` VALUES (278, 'teacher23', 0, NULL, NULL, NULL, NULL);
INSERT INTO `teacher` VALUES (279, 'teacher24', 0, NULL, NULL, NULL, NULL);
INSERT INTO `teacher` VALUES (280, 'teacher25', 0, NULL, NULL, NULL, NULL);
INSERT INTO `teacher` VALUES (281, 'teacher26', 0, NULL, NULL, NULL, NULL);
INSERT INTO `teacher` VALUES (282, 'teacher27', 0, NULL, NULL, NULL, NULL);
INSERT INTO `teacher` VALUES (283, 'teacher28', 0, NULL, NULL, NULL, NULL);
INSERT INTO `teacher` VALUES (284, 'teacher29', 0, NULL, NULL, NULL, NULL);
INSERT INTO `teacher` VALUES (285, 'teacher30', 0, NULL, NULL, NULL, NULL);
INSERT INTO `teacher` VALUES (286, 'teacher31', 0, NULL, NULL, NULL, NULL);
INSERT INTO `teacher` VALUES (287, 'teacher32', 0, NULL, NULL, NULL, NULL);
INSERT INTO `teacher` VALUES (288, 'teacher33', 0, NULL, NULL, NULL, NULL);
INSERT INTO `teacher` VALUES (289, 'teacher34', 0, NULL, NULL, NULL, NULL);
INSERT INTO `teacher` VALUES (290, 'teacher35', 0, NULL, NULL, NULL, NULL);
INSERT INTO `teacher` VALUES (291, 'teacher36', 0, NULL, NULL, NULL, NULL);
INSERT INTO `teacher` VALUES (292, 'teacher37', 0, NULL, NULL, NULL, NULL);
INSERT INTO `teacher` VALUES (293, 'teacher38', 0, NULL, NULL, NULL, NULL);
INSERT INTO `teacher` VALUES (294, 'teacher39', 0, NULL, NULL, NULL, NULL);
INSERT INTO `teacher` VALUES (295, 'teacher40', 0, NULL, NULL, NULL, NULL);
INSERT INTO `teacher` VALUES (296, 'teacher41', 0, NULL, NULL, NULL, NULL);
INSERT INTO `teacher` VALUES (297, 'teacher42', 0, NULL, NULL, NULL, NULL);
INSERT INTO `teacher` VALUES (298, 'teacher43', 0, NULL, NULL, NULL, NULL);
INSERT INTO `teacher` VALUES (299, 'teacher44', 0, NULL, NULL, NULL, NULL);
INSERT INTO `teacher` VALUES (300, 'teacher45', 0, NULL, NULL, NULL, NULL);
INSERT INTO `teacher` VALUES (301, 'teacher46', 0, NULL, NULL, NULL, NULL);
INSERT INTO `teacher` VALUES (302, 'teacher47', 0, NULL, NULL, NULL, NULL);
INSERT INTO `teacher` VALUES (303, 'teacher48', 0, NULL, NULL, NULL, NULL);
INSERT INTO `teacher` VALUES (304, 'teacher49', 0, NULL, NULL, NULL, NULL);
INSERT INTO `teacher` VALUES (305, 'teacher50', 0, NULL, NULL, NULL, NULL);
INSERT INTO `teacher` VALUES (306, 'teacher51', 0, NULL, NULL, NULL, NULL);
INSERT INTO `teacher` VALUES (307, 'teacher52', 0, NULL, NULL, NULL, NULL);
INSERT INTO `teacher` VALUES (308, 'teacher53', 0, NULL, NULL, NULL, NULL);
INSERT INTO `teacher` VALUES (309, 'teacher54', 0, NULL, NULL, NULL, NULL);
INSERT INTO `teacher` VALUES (310, 'teacher55', 0, NULL, NULL, NULL, NULL);
INSERT INTO `teacher` VALUES (311, 'teacher56', 0, NULL, NULL, NULL, NULL);
INSERT INTO `teacher` VALUES (312, 'teacher57', 0, NULL, NULL, NULL, NULL);
INSERT INTO `teacher` VALUES (313, 'teacher58', 0, NULL, NULL, NULL, NULL);
INSERT INTO `teacher` VALUES (314, 'teacher59', 0, NULL, NULL, NULL, NULL);
INSERT INTO `teacher` VALUES (315, 'teacher60', 0, NULL, NULL, NULL, NULL);
INSERT INTO `teacher` VALUES (316, 'teacher61', 0, NULL, NULL, NULL, NULL);
INSERT INTO `teacher` VALUES (317, 'teacher62', 0, NULL, NULL, NULL, NULL);
INSERT INTO `teacher` VALUES (318, 'teacher63', 0, NULL, NULL, NULL, NULL);
INSERT INTO `teacher` VALUES (319, 'teacher64', 0, NULL, NULL, NULL, NULL);
INSERT INTO `teacher` VALUES (320, 'teacher65', 0, NULL, NULL, NULL, NULL);
INSERT INTO `teacher` VALUES (321, 'teacher66', 0, NULL, NULL, NULL, NULL);
INSERT INTO `teacher` VALUES (322, 'teacher67', 0, NULL, NULL, NULL, NULL);
INSERT INTO `teacher` VALUES (323, 'teacher68', 0, NULL, NULL, NULL, NULL);
INSERT INTO `teacher` VALUES (324, 'teacher69', 0, NULL, NULL, NULL, NULL);
INSERT INTO `teacher` VALUES (325, 'teacher70', 0, NULL, NULL, NULL, NULL);
INSERT INTO `teacher` VALUES (326, 'teacher71', 0, NULL, NULL, NULL, NULL);
INSERT INTO `teacher` VALUES (327, 'teacher72', 0, NULL, NULL, NULL, NULL);
INSERT INTO `teacher` VALUES (328, 'teacher73', 0, NULL, NULL, NULL, NULL);
INSERT INTO `teacher` VALUES (329, 'teacher74', 0, NULL, NULL, NULL, NULL);
INSERT INTO `teacher` VALUES (330, 'teacher75', 0, NULL, NULL, NULL, NULL);
INSERT INTO `teacher` VALUES (331, 'teacher76', 0, NULL, NULL, NULL, NULL);
INSERT INTO `teacher` VALUES (332, 'teacher77', 0, NULL, NULL, NULL, NULL);
INSERT INTO `teacher` VALUES (333, 'teacher78', 0, NULL, NULL, NULL, NULL);
INSERT INTO `teacher` VALUES (334, 'teacher79', 0, NULL, NULL, NULL, NULL);
INSERT INTO `teacher` VALUES (335, 'teacher80', 0, NULL, NULL, NULL, NULL);
INSERT INTO `teacher` VALUES (336, 'teacher81', 0, NULL, NULL, NULL, NULL);
INSERT INTO `teacher` VALUES (337, 'teacher82', 0, NULL, NULL, NULL, NULL);
INSERT INTO `teacher` VALUES (338, 'teacher83', 0, NULL, NULL, NULL, NULL);
INSERT INTO `teacher` VALUES (339, 'teacher84', 0, NULL, NULL, NULL, NULL);
INSERT INTO `teacher` VALUES (340, 'teacher85', 0, NULL, NULL, NULL, NULL);
INSERT INTO `teacher` VALUES (341, 'teacher86', 0, NULL, NULL, NULL, NULL);
INSERT INTO `teacher` VALUES (342, 'teacher87', 0, NULL, NULL, NULL, NULL);
INSERT INTO `teacher` VALUES (343, 'teacher88', 0, NULL, NULL, NULL, NULL);
INSERT INTO `teacher` VALUES (344, 'teacher89', 0, NULL, NULL, NULL, NULL);
INSERT INTO `teacher` VALUES (345, 'teacher90', 0, NULL, NULL, NULL, NULL);
INSERT INTO `teacher` VALUES (346, 'teacher91', 0, NULL, NULL, NULL, NULL);
INSERT INTO `teacher` VALUES (347, 'teacher92', 0, NULL, NULL, NULL, NULL);
INSERT INTO `teacher` VALUES (348, 'teacher93', 0, NULL, NULL, NULL, NULL);
INSERT INTO `teacher` VALUES (349, 'teacher94', 0, NULL, NULL, NULL, NULL);
INSERT INTO `teacher` VALUES (350, 'teacher95', 0, NULL, NULL, NULL, NULL);
INSERT INTO `teacher` VALUES (351, 'teacher96', 0, NULL, NULL, NULL, NULL);
INSERT INTO `teacher` VALUES (352, 'teacher97', 0, NULL, NULL, NULL, NULL);
INSERT INTO `teacher` VALUES (353, 'teacher98', 0, NULL, NULL, NULL, NULL);
INSERT INTO `teacher` VALUES (354, 'teacher99', 0, NULL, NULL, NULL, NULL);
INSERT INTO `teacher` VALUES (355, 'teacher0', 0, NULL, NULL, NULL, NULL);
INSERT INTO `teacher` VALUES (356, 'teacher1', 0, NULL, NULL, NULL, NULL);
INSERT INTO `teacher` VALUES (357, 'teacher2', 0, NULL, NULL, NULL, NULL);
INSERT INTO `teacher` VALUES (358, 'teacher3', 0, NULL, NULL, NULL, NULL);
INSERT INTO `teacher` VALUES (359, 'teacher4', 0, NULL, NULL, NULL, NULL);
INSERT INTO `teacher` VALUES (360, 'teacher5', 0, NULL, NULL, NULL, NULL);
INSERT INTO `teacher` VALUES (361, 'teacher6', 0, NULL, NULL, NULL, NULL);
INSERT INTO `teacher` VALUES (362, 'teacher7', 0, NULL, NULL, NULL, NULL);
INSERT INTO `teacher` VALUES (363, 'teacher8', 0, NULL, NULL, NULL, NULL);
INSERT INTO `teacher` VALUES (364, 'teacher9', 0, NULL, NULL, NULL, NULL);
INSERT INTO `teacher` VALUES (365, 'teacher10', 0, NULL, NULL, NULL, NULL);
INSERT INTO `teacher` VALUES (366, 'teacher11', 0, NULL, NULL, NULL, NULL);
INSERT INTO `teacher` VALUES (367, 'teacher12', 0, NULL, NULL, NULL, NULL);
INSERT INTO `teacher` VALUES (368, 'teacher13', 0, NULL, NULL, NULL, NULL);
INSERT INTO `teacher` VALUES (369, 'teacher14', 0, NULL, NULL, NULL, NULL);
INSERT INTO `teacher` VALUES (370, 'teacher15', 0, NULL, NULL, NULL, NULL);
INSERT INTO `teacher` VALUES (371, 'teacher16', 0, NULL, NULL, NULL, NULL);
INSERT INTO `teacher` VALUES (372, 'teacher17', 0, NULL, NULL, NULL, NULL);
INSERT INTO `teacher` VALUES (373, 'teacher18', 0, NULL, NULL, NULL, NULL);
INSERT INTO `teacher` VALUES (374, 'teacher19', 0, NULL, NULL, NULL, NULL);
INSERT INTO `teacher` VALUES (375, 'teacher20', 0, NULL, NULL, NULL, NULL);
INSERT INTO `teacher` VALUES (376, 'teacher21', 0, NULL, NULL, NULL, NULL);
INSERT INTO `teacher` VALUES (377, 'teacher22', 0, NULL, NULL, NULL, NULL);
INSERT INTO `teacher` VALUES (378, 'teacher23', 0, NULL, NULL, NULL, NULL);
INSERT INTO `teacher` VALUES (379, 'teacher24', 0, NULL, NULL, NULL, NULL);
INSERT INTO `teacher` VALUES (380, 'teacher25', 0, NULL, NULL, NULL, NULL);
INSERT INTO `teacher` VALUES (381, 'teacher26', 0, NULL, NULL, NULL, NULL);
INSERT INTO `teacher` VALUES (382, 'teacher27', 0, NULL, NULL, NULL, NULL);
INSERT INTO `teacher` VALUES (383, 'teacher28', 0, NULL, NULL, NULL, NULL);
INSERT INTO `teacher` VALUES (384, 'teacher29', 0, NULL, NULL, NULL, NULL);
INSERT INTO `teacher` VALUES (385, 'teacher30', 0, NULL, NULL, NULL, NULL);
INSERT INTO `teacher` VALUES (386, 'teacher31', 0, NULL, NULL, NULL, NULL);
INSERT INTO `teacher` VALUES (387, 'teacher32', 0, NULL, NULL, NULL, NULL);
INSERT INTO `teacher` VALUES (388, 'teacher33', 0, NULL, NULL, NULL, NULL);
INSERT INTO `teacher` VALUES (389, 'teacher34', 0, NULL, NULL, NULL, NULL);
INSERT INTO `teacher` VALUES (390, 'teacher35', 0, NULL, NULL, NULL, NULL);
INSERT INTO `teacher` VALUES (391, 'teacher36', 0, NULL, NULL, NULL, NULL);
INSERT INTO `teacher` VALUES (392, 'teacher37', 0, NULL, NULL, NULL, NULL);
INSERT INTO `teacher` VALUES (393, 'teacher38', 0, NULL, NULL, NULL, NULL);
INSERT INTO `teacher` VALUES (394, 'teacher39', 0, NULL, NULL, NULL, NULL);
INSERT INTO `teacher` VALUES (395, 'teacher40', 0, NULL, NULL, NULL, NULL);
INSERT INTO `teacher` VALUES (396, 'teacher41', 0, NULL, NULL, NULL, NULL);
INSERT INTO `teacher` VALUES (397, 'teacher42', 0, NULL, NULL, NULL, NULL);
INSERT INTO `teacher` VALUES (398, 'teacher43', 0, NULL, NULL, NULL, NULL);
INSERT INTO `teacher` VALUES (399, 'teacher44', 0, NULL, NULL, NULL, NULL);
INSERT INTO `teacher` VALUES (400, 'teacher45', 0, NULL, NULL, NULL, NULL);
INSERT INTO `teacher` VALUES (401, 'teacher46', 0, NULL, NULL, NULL, NULL);
INSERT INTO `teacher` VALUES (402, 'teacher47', 0, NULL, NULL, NULL, NULL);
INSERT INTO `teacher` VALUES (403, 'teacher48', 0, NULL, NULL, NULL, NULL);
INSERT INTO `teacher` VALUES (404, 'teacher49', 0, NULL, NULL, NULL, NULL);
INSERT INTO `teacher` VALUES (405, 'teacher50', 0, NULL, NULL, NULL, NULL);
INSERT INTO `teacher` VALUES (406, 'teacher51', 0, NULL, NULL, NULL, NULL);
INSERT INTO `teacher` VALUES (407, 'teacher52', 0, NULL, NULL, NULL, NULL);
INSERT INTO `teacher` VALUES (408, 'teacher53', 0, NULL, NULL, NULL, NULL);
INSERT INTO `teacher` VALUES (409, 'teacher54', 0, NULL, NULL, NULL, NULL);
INSERT INTO `teacher` VALUES (410, 'teacher55', 0, NULL, NULL, NULL, NULL);
INSERT INTO `teacher` VALUES (411, 'teacher56', 0, NULL, NULL, NULL, NULL);
INSERT INTO `teacher` VALUES (412, 'teacher57', 0, NULL, NULL, NULL, NULL);
INSERT INTO `teacher` VALUES (413, 'teacher58', 0, NULL, NULL, NULL, NULL);
INSERT INTO `teacher` VALUES (414, 'teacher59', 0, NULL, NULL, NULL, NULL);
INSERT INTO `teacher` VALUES (415, 'teacher60', 0, NULL, NULL, NULL, NULL);
INSERT INTO `teacher` VALUES (416, 'teacher61', 0, NULL, NULL, NULL, NULL);
INSERT INTO `teacher` VALUES (417, 'teacher62', 0, NULL, NULL, NULL, NULL);
INSERT INTO `teacher` VALUES (418, 'teacher63', 0, NULL, NULL, NULL, NULL);
INSERT INTO `teacher` VALUES (419, 'teacher64', 0, NULL, NULL, NULL, NULL);
INSERT INTO `teacher` VALUES (420, 'teacher65', 0, NULL, NULL, NULL, NULL);
INSERT INTO `teacher` VALUES (421, 'teacher66', 0, NULL, NULL, NULL, NULL);
INSERT INTO `teacher` VALUES (422, 'teacher67', 0, NULL, NULL, NULL, NULL);
INSERT INTO `teacher` VALUES (423, 'teacher68', 0, NULL, NULL, NULL, NULL);
INSERT INTO `teacher` VALUES (424, 'teacher69', 0, NULL, NULL, NULL, NULL);
INSERT INTO `teacher` VALUES (425, 'teacher70', 0, NULL, NULL, NULL, NULL);
INSERT INTO `teacher` VALUES (426, 'teacher71', 0, NULL, NULL, NULL, NULL);
INSERT INTO `teacher` VALUES (427, 'teacher72', 0, NULL, NULL, NULL, NULL);
INSERT INTO `teacher` VALUES (428, 'teacher73', 0, NULL, NULL, NULL, NULL);
INSERT INTO `teacher` VALUES (429, 'teacher74', 0, NULL, NULL, NULL, NULL);
INSERT INTO `teacher` VALUES (430, 'teacher75', 0, NULL, NULL, NULL, NULL);
INSERT INTO `teacher` VALUES (431, 'teacher76', 0, NULL, NULL, NULL, NULL);
INSERT INTO `teacher` VALUES (432, 'teacher77', 0, NULL, NULL, NULL, NULL);
INSERT INTO `teacher` VALUES (433, 'teacher78', 0, NULL, NULL, NULL, NULL);
INSERT INTO `teacher` VALUES (434, 'teacher79', 0, NULL, NULL, NULL, NULL);
INSERT INTO `teacher` VALUES (435, 'teacher80', 0, NULL, NULL, NULL, NULL);
INSERT INTO `teacher` VALUES (436, 'teacher81', 0, NULL, NULL, NULL, NULL);
INSERT INTO `teacher` VALUES (437, 'teacher82', 0, NULL, NULL, NULL, NULL);
INSERT INTO `teacher` VALUES (438, 'teacher83', 0, NULL, NULL, NULL, NULL);
INSERT INTO `teacher` VALUES (439, 'teacher84', 0, NULL, NULL, NULL, NULL);
INSERT INTO `teacher` VALUES (440, 'teacher85', 0, NULL, NULL, NULL, NULL);
INSERT INTO `teacher` VALUES (441, 'teacher86', 0, NULL, NULL, NULL, NULL);
INSERT INTO `teacher` VALUES (442, 'teacher87', 0, NULL, NULL, NULL, NULL);
INSERT INTO `teacher` VALUES (443, 'teacher88', 0, NULL, NULL, NULL, NULL);
INSERT INTO `teacher` VALUES (444, 'teacher89', 0, NULL, NULL, NULL, NULL);
INSERT INTO `teacher` VALUES (445, 'teacher90', 0, NULL, NULL, NULL, NULL);
INSERT INTO `teacher` VALUES (446, 'teacher91', 0, NULL, NULL, NULL, NULL);
INSERT INTO `teacher` VALUES (447, 'teacher92', 0, NULL, NULL, NULL, NULL);
INSERT INTO `teacher` VALUES (448, 'teacher93', 0, NULL, NULL, NULL, NULL);
INSERT INTO `teacher` VALUES (449, 'teacher94', 0, NULL, NULL, NULL, NULL);
INSERT INTO `teacher` VALUES (450, 'teacher95', 0, NULL, NULL, NULL, NULL);
INSERT INTO `teacher` VALUES (451, 'teacher96', 0, NULL, NULL, NULL, NULL);
INSERT INTO `teacher` VALUES (452, 'teacher97', 0, NULL, NULL, NULL, NULL);
INSERT INTO `teacher` VALUES (453, 'teacher98', 0, NULL, NULL, NULL, NULL);
INSERT INTO `teacher` VALUES (454, 'teacher99', 0, NULL, NULL, NULL, NULL);
INSERT INTO `teacher` VALUES (455, 'teacher0', 0, NULL, NULL, NULL, NULL);
INSERT INTO `teacher` VALUES (456, 'teacher1', 0, NULL, NULL, NULL, NULL);
INSERT INTO `teacher` VALUES (457, 'teacher2', 0, NULL, NULL, NULL, NULL);
INSERT INTO `teacher` VALUES (458, 'teacher3', 0, NULL, NULL, NULL, NULL);
INSERT INTO `teacher` VALUES (459, 'teacher4', 0, NULL, NULL, NULL, NULL);
INSERT INTO `teacher` VALUES (460, 'teacher5', 0, NULL, NULL, NULL, NULL);
INSERT INTO `teacher` VALUES (461, 'teacher6', 0, NULL, NULL, NULL, NULL);
INSERT INTO `teacher` VALUES (462, 'teacher7', 0, NULL, NULL, NULL, NULL);
INSERT INTO `teacher` VALUES (463, 'teacher8', 0, NULL, NULL, NULL, NULL);
INSERT INTO `teacher` VALUES (464, 'teacher9', 0, NULL, NULL, NULL, NULL);
INSERT INTO `teacher` VALUES (465, 'teacher10', 0, NULL, NULL, NULL, NULL);
INSERT INTO `teacher` VALUES (466, 'teacher11', 0, NULL, NULL, NULL, NULL);
INSERT INTO `teacher` VALUES (467, 'teacher12', 0, NULL, NULL, NULL, NULL);
INSERT INTO `teacher` VALUES (468, 'teacher13', 0, NULL, NULL, NULL, NULL);
INSERT INTO `teacher` VALUES (469, 'teacher14', 0, NULL, NULL, NULL, NULL);
INSERT INTO `teacher` VALUES (470, 'teacher15', 0, NULL, NULL, NULL, NULL);
INSERT INTO `teacher` VALUES (471, 'teacher16', 0, NULL, NULL, NULL, NULL);
INSERT INTO `teacher` VALUES (472, 'teacher17', 0, NULL, NULL, NULL, NULL);
INSERT INTO `teacher` VALUES (473, 'teacher18', 0, NULL, NULL, NULL, NULL);
INSERT INTO `teacher` VALUES (474, 'teacher19', 0, NULL, NULL, NULL, NULL);
INSERT INTO `teacher` VALUES (475, 'teacher20', 0, NULL, NULL, NULL, NULL);
INSERT INTO `teacher` VALUES (476, 'teacher21', 0, NULL, NULL, NULL, NULL);
INSERT INTO `teacher` VALUES (477, 'teacher22', 0, NULL, NULL, NULL, NULL);
INSERT INTO `teacher` VALUES (478, 'teacher23', 0, NULL, NULL, NULL, NULL);
INSERT INTO `teacher` VALUES (479, 'teacher24', 0, NULL, NULL, NULL, NULL);
INSERT INTO `teacher` VALUES (480, 'teacher25', 0, NULL, NULL, NULL, NULL);
INSERT INTO `teacher` VALUES (481, 'teacher26', 0, NULL, NULL, NULL, NULL);
INSERT INTO `teacher` VALUES (482, 'teacher27', 0, NULL, NULL, NULL, NULL);
INSERT INTO `teacher` VALUES (483, 'teacher28', 0, NULL, NULL, NULL, NULL);
INSERT INTO `teacher` VALUES (484, 'teacher29', 0, NULL, NULL, NULL, NULL);
INSERT INTO `teacher` VALUES (485, 'teacher30', 0, NULL, NULL, NULL, NULL);
INSERT INTO `teacher` VALUES (486, 'teacher31', 0, NULL, NULL, NULL, NULL);
INSERT INTO `teacher` VALUES (487, 'teacher32', 0, NULL, NULL, NULL, NULL);
INSERT INTO `teacher` VALUES (488, 'teacher33', 0, NULL, NULL, NULL, NULL);
INSERT INTO `teacher` VALUES (489, 'teacher34', 0, NULL, NULL, NULL, NULL);
INSERT INTO `teacher` VALUES (490, 'teacher35', 0, NULL, NULL, NULL, NULL);
INSERT INTO `teacher` VALUES (491, 'teacher36', 0, NULL, NULL, NULL, NULL);
INSERT INTO `teacher` VALUES (492, 'teacher37', 0, NULL, NULL, NULL, NULL);
INSERT INTO `teacher` VALUES (493, 'teacher38', 0, NULL, NULL, NULL, NULL);
INSERT INTO `teacher` VALUES (494, 'teacher39', 0, NULL, NULL, NULL, NULL);
INSERT INTO `teacher` VALUES (495, 'teacher40', 0, NULL, NULL, NULL, NULL);
INSERT INTO `teacher` VALUES (496, 'teacher41', 0, NULL, NULL, NULL, NULL);
INSERT INTO `teacher` VALUES (497, 'teacher42', 0, NULL, NULL, NULL, NULL);
INSERT INTO `teacher` VALUES (498, 'teacher43', 0, NULL, NULL, NULL, NULL);
INSERT INTO `teacher` VALUES (499, 'teacher44', 0, NULL, NULL, NULL, NULL);
INSERT INTO `teacher` VALUES (500, 'teacher45', 0, NULL, NULL, NULL, NULL);
INSERT INTO `teacher` VALUES (501, 'teacher46', 0, NULL, NULL, NULL, NULL);
INSERT INTO `teacher` VALUES (502, 'teacher47', 0, NULL, NULL, NULL, NULL);
INSERT INTO `teacher` VALUES (503, 'teacher48', 0, NULL, NULL, NULL, NULL);
INSERT INTO `teacher` VALUES (504, 'teacher49', 0, NULL, NULL, NULL, NULL);
INSERT INTO `teacher` VALUES (505, 'teacher50', 0, NULL, NULL, NULL, NULL);
INSERT INTO `teacher` VALUES (506, 'teacher51', 0, NULL, NULL, NULL, NULL);
INSERT INTO `teacher` VALUES (507, 'teacher52', 0, NULL, NULL, NULL, NULL);
INSERT INTO `teacher` VALUES (508, 'teacher53', 0, NULL, NULL, NULL, NULL);
INSERT INTO `teacher` VALUES (509, 'teacher54', 0, NULL, NULL, NULL, NULL);
INSERT INTO `teacher` VALUES (510, 'teacher55', 0, NULL, NULL, NULL, NULL);
INSERT INTO `teacher` VALUES (511, 'teacher56', 0, NULL, NULL, NULL, NULL);
INSERT INTO `teacher` VALUES (512, 'teacher57', 0, NULL, NULL, NULL, NULL);
INSERT INTO `teacher` VALUES (513, 'teacher58', 0, NULL, NULL, NULL, NULL);
INSERT INTO `teacher` VALUES (514, 'teacher59', 0, NULL, NULL, NULL, NULL);
INSERT INTO `teacher` VALUES (515, 'teacher60', 0, NULL, NULL, NULL, NULL);
INSERT INTO `teacher` VALUES (516, 'teacher61', 0, NULL, NULL, NULL, NULL);
INSERT INTO `teacher` VALUES (517, 'teacher62', 0, NULL, NULL, NULL, NULL);
INSERT INTO `teacher` VALUES (518, 'teacher63', 0, NULL, NULL, NULL, NULL);
INSERT INTO `teacher` VALUES (519, 'teacher64', 0, NULL, NULL, NULL, NULL);
INSERT INTO `teacher` VALUES (520, 'teacher65', 0, NULL, NULL, NULL, NULL);
INSERT INTO `teacher` VALUES (521, 'teacher66', 0, NULL, NULL, NULL, NULL);
INSERT INTO `teacher` VALUES (522, 'teacher67', 0, NULL, NULL, NULL, NULL);
INSERT INTO `teacher` VALUES (523, 'teacher68', 0, NULL, NULL, NULL, NULL);
INSERT INTO `teacher` VALUES (524, 'teacher69', 0, NULL, NULL, NULL, NULL);
INSERT INTO `teacher` VALUES (525, 'teacher70', 0, NULL, NULL, NULL, NULL);
INSERT INTO `teacher` VALUES (526, 'teacher71', 0, NULL, NULL, NULL, NULL);
INSERT INTO `teacher` VALUES (527, 'teacher72', 0, NULL, NULL, NULL, NULL);
INSERT INTO `teacher` VALUES (528, 'teacher73', 0, NULL, NULL, NULL, NULL);
INSERT INTO `teacher` VALUES (529, 'teacher74', 0, NULL, NULL, NULL, NULL);
INSERT INTO `teacher` VALUES (530, 'teacher75', 0, NULL, NULL, NULL, NULL);
INSERT INTO `teacher` VALUES (531, 'teacher76', 0, NULL, NULL, NULL, NULL);
INSERT INTO `teacher` VALUES (532, 'teacher77', 0, NULL, NULL, NULL, NULL);
INSERT INTO `teacher` VALUES (533, 'teacher78', 0, NULL, NULL, NULL, NULL);
INSERT INTO `teacher` VALUES (534, 'teacher79', 0, NULL, NULL, NULL, NULL);
INSERT INTO `teacher` VALUES (535, 'teacher80', 0, NULL, NULL, NULL, NULL);
INSERT INTO `teacher` VALUES (536, 'teacher81', 0, NULL, NULL, NULL, NULL);
INSERT INTO `teacher` VALUES (537, 'teacher82', 0, NULL, NULL, NULL, NULL);
INSERT INTO `teacher` VALUES (538, 'teacher83', 0, NULL, NULL, NULL, NULL);
INSERT INTO `teacher` VALUES (539, 'teacher84', 0, NULL, NULL, NULL, NULL);
INSERT INTO `teacher` VALUES (540, 'teacher85', 0, NULL, NULL, NULL, NULL);
INSERT INTO `teacher` VALUES (541, 'teacher86', 0, NULL, NULL, NULL, NULL);
INSERT INTO `teacher` VALUES (542, 'teacher87', 0, NULL, NULL, NULL, NULL);
INSERT INTO `teacher` VALUES (543, 'teacher88', 0, NULL, NULL, NULL, NULL);
INSERT INTO `teacher` VALUES (544, 'teacher89', 0, NULL, NULL, NULL, NULL);
INSERT INTO `teacher` VALUES (545, 'teacher90', 0, NULL, NULL, NULL, NULL);
INSERT INTO `teacher` VALUES (546, 'teacher91', 0, NULL, NULL, NULL, NULL);
INSERT INTO `teacher` VALUES (547, 'teacher92', 0, NULL, NULL, NULL, NULL);
INSERT INTO `teacher` VALUES (548, 'teacher93', 0, NULL, NULL, NULL, NULL);
INSERT INTO `teacher` VALUES (549, 'teacher94', 0, NULL, NULL, NULL, NULL);
INSERT INTO `teacher` VALUES (550, 'teacher95', 0, NULL, NULL, NULL, NULL);
INSERT INTO `teacher` VALUES (551, 'teacher96', 0, NULL, NULL, NULL, NULL);
INSERT INTO `teacher` VALUES (552, 'teacher97', 0, NULL, NULL, NULL, NULL);
INSERT INTO `teacher` VALUES (553, 'teacher98', 0, NULL, NULL, NULL, NULL);
INSERT INTO `teacher` VALUES (554, 'teacher99', 0, NULL, NULL, NULL, NULL);
INSERT INTO `teacher` VALUES (555, 'teacher0', 0, NULL, NULL, '100', NULL);
INSERT INTO `teacher` VALUES (556, 'teacher1', 0, NULL, NULL, '100', NULL);
INSERT INTO `teacher` VALUES (557, 'teacher2', 0, NULL, NULL, '100', NULL);
INSERT INTO `teacher` VALUES (558, 'teacher3', 0, NULL, NULL, '100', NULL);
INSERT INTO `teacher` VALUES (559, 'teacher4', 0, NULL, NULL, '100', NULL);
INSERT INTO `teacher` VALUES (560, 'teacher5', 0, NULL, NULL, '100', NULL);
INSERT INTO `teacher` VALUES (561, 'teacher6', 0, NULL, NULL, '100', NULL);
INSERT INTO `teacher` VALUES (562, 'teacher7', 0, NULL, NULL, '100', NULL);
INSERT INTO `teacher` VALUES (563, 'teacher8', 0, NULL, NULL, '100', NULL);
INSERT INTO `teacher` VALUES (564, 'teacher9', 0, NULL, NULL, '100', NULL);
INSERT INTO `teacher` VALUES (565, 'teacher10', 0, NULL, NULL, '100', NULL);
INSERT INTO `teacher` VALUES (566, 'teacher11', 0, NULL, NULL, '100', NULL);
INSERT INTO `teacher` VALUES (567, 'teacher12', 0, NULL, NULL, '100', NULL);
INSERT INTO `teacher` VALUES (568, 'teacher13', 0, NULL, NULL, '100', NULL);
INSERT INTO `teacher` VALUES (569, 'teacher14', 0, NULL, NULL, '100', NULL);
INSERT INTO `teacher` VALUES (570, 'teacher15', 0, NULL, NULL, '100', NULL);
INSERT INTO `teacher` VALUES (571, 'teacher16', 0, NULL, NULL, '100', NULL);
INSERT INTO `teacher` VALUES (572, 'teacher17', 0, NULL, NULL, '100', NULL);
INSERT INTO `teacher` VALUES (573, 'teacher18', 0, NULL, NULL, '100', NULL);
INSERT INTO `teacher` VALUES (574, 'teacher19', 0, NULL, NULL, '100', NULL);
INSERT INTO `teacher` VALUES (575, 'teacher20', 0, NULL, NULL, '100', NULL);
INSERT INTO `teacher` VALUES (576, 'teacher21', 0, NULL, NULL, '100', NULL);
INSERT INTO `teacher` VALUES (577, 'teacher22', 0, NULL, NULL, '100', NULL);
INSERT INTO `teacher` VALUES (578, 'teacher23', 0, NULL, NULL, '100', NULL);
INSERT INTO `teacher` VALUES (579, 'teacher24', 0, NULL, NULL, '100', NULL);
INSERT INTO `teacher` VALUES (580, 'teacher25', 0, NULL, NULL, '100', NULL);
INSERT INTO `teacher` VALUES (581, 'teacher26', 0, NULL, NULL, '100', NULL);
INSERT INTO `teacher` VALUES (582, 'teacher27', 0, NULL, NULL, '100', NULL);
INSERT INTO `teacher` VALUES (583, 'teacher28', 0, NULL, NULL, '100', NULL);
INSERT INTO `teacher` VALUES (584, 'teacher29', 0, NULL, NULL, '100', NULL);
INSERT INTO `teacher` VALUES (585, 'teacher30', 0, NULL, NULL, '100', NULL);
INSERT INTO `teacher` VALUES (586, 'teacher31', 0, NULL, NULL, '100', NULL);
INSERT INTO `teacher` VALUES (587, 'teacher32', 0, NULL, NULL, '100', NULL);
INSERT INTO `teacher` VALUES (588, 'teacher33', 0, NULL, NULL, '100', NULL);
INSERT INTO `teacher` VALUES (589, 'teacher34', 0, NULL, NULL, '100', NULL);
INSERT INTO `teacher` VALUES (590, 'teacher35', 0, NULL, NULL, '100', NULL);
INSERT INTO `teacher` VALUES (591, 'teacher36', 0, NULL, NULL, '100', NULL);
INSERT INTO `teacher` VALUES (592, 'teacher37', 0, NULL, NULL, '100', NULL);
INSERT INTO `teacher` VALUES (593, 'teacher38', 0, NULL, NULL, '100', NULL);
INSERT INTO `teacher` VALUES (594, 'teacher39', 0, NULL, NULL, '100', NULL);
INSERT INTO `teacher` VALUES (595, 'teacher40', 0, NULL, NULL, '100', NULL);
INSERT INTO `teacher` VALUES (596, 'teacher41', 0, NULL, NULL, '100', NULL);
INSERT INTO `teacher` VALUES (597, 'teacher42', 0, NULL, NULL, '100', NULL);
INSERT INTO `teacher` VALUES (598, 'teacher43', 0, NULL, NULL, '100', NULL);
INSERT INTO `teacher` VALUES (599, 'teacher44', 0, NULL, NULL, '100', NULL);
INSERT INTO `teacher` VALUES (600, 'teacher45', 0, NULL, NULL, '100', NULL);
INSERT INTO `teacher` VALUES (601, 'teacher46', 0, NULL, NULL, '100', NULL);
INSERT INTO `teacher` VALUES (602, 'teacher47', 0, NULL, NULL, '100', NULL);
INSERT INTO `teacher` VALUES (603, 'teacher48', 0, NULL, NULL, '100', NULL);
INSERT INTO `teacher` VALUES (604, 'teacher49', 0, NULL, NULL, '100', NULL);
INSERT INTO `teacher` VALUES (605, 'teacher50', 0, NULL, NULL, '100', NULL);
INSERT INTO `teacher` VALUES (606, 'teacher51', 0, NULL, NULL, '100', NULL);
INSERT INTO `teacher` VALUES (607, 'teacher52', 0, NULL, NULL, '100', NULL);
INSERT INTO `teacher` VALUES (608, 'teacher53', 0, NULL, NULL, '100', NULL);
INSERT INTO `teacher` VALUES (609, 'teacher54', 0, NULL, NULL, '100', NULL);
INSERT INTO `teacher` VALUES (610, 'teacher55', 0, NULL, NULL, '100', NULL);
INSERT INTO `teacher` VALUES (611, 'teacher56', 0, NULL, NULL, '100', NULL);
INSERT INTO `teacher` VALUES (612, 'teacher57', 0, NULL, NULL, '100', NULL);
INSERT INTO `teacher` VALUES (613, 'teacher58', 0, NULL, NULL, '100', NULL);
INSERT INTO `teacher` VALUES (614, 'teacher59', 0, NULL, NULL, '100', NULL);
INSERT INTO `teacher` VALUES (615, 'teacher60', 0, NULL, NULL, '100', NULL);
INSERT INTO `teacher` VALUES (616, 'teacher61', 0, NULL, NULL, '100', NULL);
INSERT INTO `teacher` VALUES (617, 'teacher62', 0, NULL, NULL, '100', NULL);
INSERT INTO `teacher` VALUES (618, 'teacher63', 0, NULL, NULL, '100', NULL);
INSERT INTO `teacher` VALUES (619, 'teacher64', 0, NULL, NULL, '100', NULL);
INSERT INTO `teacher` VALUES (620, 'teacher65', 0, NULL, NULL, '100', NULL);
INSERT INTO `teacher` VALUES (621, 'teacher66', 0, NULL, NULL, '100', NULL);
INSERT INTO `teacher` VALUES (622, 'teacher67', 0, NULL, NULL, '100', NULL);
INSERT INTO `teacher` VALUES (623, 'teacher68', 0, NULL, NULL, '100', NULL);
INSERT INTO `teacher` VALUES (624, 'teacher69', 0, NULL, NULL, '100', NULL);
INSERT INTO `teacher` VALUES (625, 'teacher70', 0, NULL, NULL, '100', NULL);
INSERT INTO `teacher` VALUES (626, 'teacher71', 0, NULL, NULL, '100', NULL);
INSERT INTO `teacher` VALUES (627, 'teacher72', 0, NULL, NULL, '100', NULL);
INSERT INTO `teacher` VALUES (628, 'teacher73', 0, NULL, NULL, '100', NULL);
INSERT INTO `teacher` VALUES (629, 'teacher74', 0, NULL, NULL, '100', NULL);
INSERT INTO `teacher` VALUES (630, 'teacher75', 0, NULL, NULL, '100', NULL);
INSERT INTO `teacher` VALUES (631, 'teacher76', 0, NULL, NULL, '100', NULL);
INSERT INTO `teacher` VALUES (632, 'teacher77', 0, NULL, NULL, '100', NULL);
INSERT INTO `teacher` VALUES (633, 'teacher78', 0, NULL, NULL, '100', NULL);
INSERT INTO `teacher` VALUES (634, 'teacher79', 0, NULL, NULL, '100', NULL);
INSERT INTO `teacher` VALUES (635, 'teacher80', 0, NULL, NULL, '100', NULL);
INSERT INTO `teacher` VALUES (636, 'teacher81', 0, NULL, NULL, '100', NULL);
INSERT INTO `teacher` VALUES (637, 'teacher82', 0, NULL, NULL, '100', NULL);
INSERT INTO `teacher` VALUES (638, 'teacher83', 0, NULL, NULL, '100', NULL);
INSERT INTO `teacher` VALUES (639, 'teacher84', 0, NULL, NULL, '100', NULL);
INSERT INTO `teacher` VALUES (640, 'teacher85', 0, NULL, NULL, '100', NULL);
INSERT INTO `teacher` VALUES (641, 'teacher86', 0, NULL, NULL, '100', NULL);
INSERT INTO `teacher` VALUES (642, 'teacher87', 0, NULL, NULL, '100', NULL);
INSERT INTO `teacher` VALUES (643, 'teacher88', 0, NULL, NULL, '100', NULL);
INSERT INTO `teacher` VALUES (644, 'teacher89', 0, NULL, NULL, '100', NULL);
INSERT INTO `teacher` VALUES (645, 'teacher90', 0, NULL, NULL, '100', NULL);
INSERT INTO `teacher` VALUES (646, 'teacher91', 0, NULL, NULL, '100', NULL);
INSERT INTO `teacher` VALUES (647, 'teacher92', 0, NULL, NULL, '100', NULL);
INSERT INTO `teacher` VALUES (648, 'teacher93', 0, NULL, NULL, '100', NULL);
INSERT INTO `teacher` VALUES (649, 'teacher94', 0, NULL, NULL, '100', NULL);
INSERT INTO `teacher` VALUES (650, 'teacher95', 0, NULL, NULL, '100', NULL);
INSERT INTO `teacher` VALUES (651, 'teacher96', 0, NULL, NULL, '100', NULL);
INSERT INTO `teacher` VALUES (652, 'teacher97', 0, NULL, NULL, '100', NULL);
INSERT INTO `teacher` VALUES (653, 'teacher98', 0, NULL, NULL, '100', NULL);
INSERT INTO `teacher` VALUES (654, 'teacher99', 0, NULL, NULL, '100', NULL);
INSERT INTO `teacher` VALUES (655, 'teacher0', 0, NULL, NULL, '100', NULL);
INSERT INTO `teacher` VALUES (656, 'teacher1', 0, NULL, NULL, '100', NULL);
INSERT INTO `teacher` VALUES (657, 'teacher2', 0, NULL, NULL, '100', NULL);
INSERT INTO `teacher` VALUES (658, 'teacher3', 0, NULL, NULL, '100', NULL);
INSERT INTO `teacher` VALUES (659, 'teacher4', 0, NULL, NULL, '100', NULL);
INSERT INTO `teacher` VALUES (660, 'teacher5', 0, NULL, NULL, '100', NULL);
INSERT INTO `teacher` VALUES (661, 'teacher6', 0, NULL, NULL, '100', NULL);
INSERT INTO `teacher` VALUES (662, 'teacher7', 0, NULL, NULL, '100', NULL);
INSERT INTO `teacher` VALUES (663, 'teacher8', 0, NULL, NULL, '100', NULL);
INSERT INTO `teacher` VALUES (664, 'teacher9', 0, NULL, NULL, '100', NULL);
INSERT INTO `teacher` VALUES (665, 'teacher10', 0, NULL, NULL, '100', NULL);
INSERT INTO `teacher` VALUES (666, 'teacher11', 0, NULL, NULL, '100', NULL);
INSERT INTO `teacher` VALUES (667, 'teacher12', 0, NULL, NULL, '100', NULL);
INSERT INTO `teacher` VALUES (668, 'teacher13', 0, NULL, NULL, '100', NULL);
INSERT INTO `teacher` VALUES (669, 'teacher14', 0, NULL, NULL, '100', NULL);
INSERT INTO `teacher` VALUES (670, 'teacher15', 0, NULL, NULL, '100', NULL);
INSERT INTO `teacher` VALUES (671, 'teacher16', 0, NULL, NULL, '100', NULL);
INSERT INTO `teacher` VALUES (672, 'teacher17', 0, NULL, NULL, '100', NULL);
INSERT INTO `teacher` VALUES (673, 'teacher18', 0, NULL, NULL, '100', NULL);
INSERT INTO `teacher` VALUES (674, 'teacher19', 0, NULL, NULL, '100', NULL);
INSERT INTO `teacher` VALUES (675, 'teacher20', 0, NULL, NULL, '100', NULL);
INSERT INTO `teacher` VALUES (676, 'teacher21', 0, NULL, NULL, '100', NULL);
INSERT INTO `teacher` VALUES (677, 'teacher22', 0, NULL, NULL, '100', NULL);
INSERT INTO `teacher` VALUES (678, 'teacher23', 0, NULL, NULL, '100', NULL);
INSERT INTO `teacher` VALUES (679, 'teacher24', 0, NULL, NULL, '100', NULL);
INSERT INTO `teacher` VALUES (680, 'teacher25', 0, NULL, NULL, '100', NULL);
INSERT INTO `teacher` VALUES (681, 'teacher26', 0, NULL, NULL, '100', NULL);
INSERT INTO `teacher` VALUES (682, 'teacher27', 0, NULL, NULL, '100', NULL);
INSERT INTO `teacher` VALUES (683, 'teacher28', 0, NULL, NULL, '100', NULL);
INSERT INTO `teacher` VALUES (684, 'teacher29', 0, NULL, NULL, '100', NULL);
INSERT INTO `teacher` VALUES (685, 'teacher30', 0, NULL, NULL, '100', NULL);
INSERT INTO `teacher` VALUES (686, 'teacher31', 0, NULL, NULL, '100', NULL);
INSERT INTO `teacher` VALUES (687, 'teacher32', 0, NULL, NULL, '100', NULL);
INSERT INTO `teacher` VALUES (688, 'teacher33', 0, NULL, NULL, '100', NULL);
INSERT INTO `teacher` VALUES (689, 'teacher34', 0, NULL, NULL, '100', NULL);
INSERT INTO `teacher` VALUES (690, 'teacher35', 0, NULL, NULL, '100', NULL);
INSERT INTO `teacher` VALUES (691, 'teacher36', 0, NULL, NULL, '100', NULL);
INSERT INTO `teacher` VALUES (692, 'teacher37', 0, NULL, NULL, '100', NULL);
INSERT INTO `teacher` VALUES (693, 'teacher38', 0, NULL, NULL, '100', NULL);
INSERT INTO `teacher` VALUES (694, 'teacher39', 0, NULL, NULL, '100', NULL);
INSERT INTO `teacher` VALUES (695, 'teacher40', 0, NULL, NULL, '100', NULL);
INSERT INTO `teacher` VALUES (696, 'teacher41', 0, NULL, NULL, '100', NULL);
INSERT INTO `teacher` VALUES (697, 'teacher42', 0, NULL, NULL, '100', NULL);
INSERT INTO `teacher` VALUES (698, 'teacher43', 0, NULL, NULL, '100', NULL);
INSERT INTO `teacher` VALUES (699, 'teacher44', 0, NULL, NULL, '100', NULL);
INSERT INTO `teacher` VALUES (700, 'teacher45', 0, NULL, NULL, '100', NULL);
INSERT INTO `teacher` VALUES (701, 'teacher46', 0, NULL, NULL, '100', NULL);
INSERT INTO `teacher` VALUES (702, 'teacher47', 0, NULL, NULL, '100', NULL);
INSERT INTO `teacher` VALUES (703, 'teacher48', 0, NULL, NULL, '100', NULL);
INSERT INTO `teacher` VALUES (704, 'teacher49', 0, NULL, NULL, '100', NULL);
INSERT INTO `teacher` VALUES (705, 'teacher50', 0, NULL, NULL, '100', NULL);
INSERT INTO `teacher` VALUES (706, 'teacher51', 0, NULL, NULL, '100', NULL);
INSERT INTO `teacher` VALUES (707, 'teacher52', 0, NULL, NULL, '100', NULL);
INSERT INTO `teacher` VALUES (708, 'teacher53', 0, NULL, NULL, '100', NULL);
INSERT INTO `teacher` VALUES (709, 'teacher54', 0, NULL, NULL, '100', NULL);
INSERT INTO `teacher` VALUES (710, 'teacher55', 0, NULL, NULL, '100', NULL);
INSERT INTO `teacher` VALUES (711, 'teacher56', 0, NULL, NULL, '100', NULL);
INSERT INTO `teacher` VALUES (712, 'teacher57', 0, NULL, NULL, '100', NULL);
INSERT INTO `teacher` VALUES (713, 'teacher58', 0, NULL, NULL, '100', NULL);
INSERT INTO `teacher` VALUES (714, 'teacher59', 0, NULL, NULL, '100', NULL);
INSERT INTO `teacher` VALUES (715, 'teacher60', 0, NULL, NULL, '100', NULL);
INSERT INTO `teacher` VALUES (716, 'teacher61', 0, NULL, NULL, '100', NULL);
INSERT INTO `teacher` VALUES (717, 'teacher62', 0, NULL, NULL, '100', NULL);
INSERT INTO `teacher` VALUES (718, 'teacher63', 0, NULL, NULL, '100', NULL);
INSERT INTO `teacher` VALUES (719, 'teacher64', 0, NULL, NULL, '100', NULL);
INSERT INTO `teacher` VALUES (720, 'teacher65', 0, NULL, NULL, '100', NULL);
INSERT INTO `teacher` VALUES (721, 'teacher66', 0, NULL, NULL, '100', NULL);
INSERT INTO `teacher` VALUES (722, 'teacher67', 0, NULL, NULL, '100', NULL);
INSERT INTO `teacher` VALUES (723, 'teacher68', 0, NULL, NULL, '100', NULL);
INSERT INTO `teacher` VALUES (724, 'teacher69', 0, NULL, NULL, '100', NULL);
INSERT INTO `teacher` VALUES (725, 'teacher70', 0, NULL, NULL, '100', NULL);
INSERT INTO `teacher` VALUES (726, 'teacher71', 0, NULL, NULL, '100', NULL);
INSERT INTO `teacher` VALUES (727, 'teacher72', 0, NULL, NULL, '100', NULL);
INSERT INTO `teacher` VALUES (728, 'teacher73', 0, NULL, NULL, '100', NULL);
INSERT INTO `teacher` VALUES (729, 'teacher74', 0, NULL, NULL, '100', NULL);
INSERT INTO `teacher` VALUES (730, 'teacher75', 0, NULL, NULL, '100', NULL);
INSERT INTO `teacher` VALUES (731, 'teacher76', 0, NULL, NULL, '100', NULL);
INSERT INTO `teacher` VALUES (732, 'teacher77', 0, NULL, NULL, '100', NULL);
INSERT INTO `teacher` VALUES (733, 'teacher78', 0, NULL, NULL, '100', NULL);
INSERT INTO `teacher` VALUES (734, 'teacher79', 0, NULL, NULL, '100', NULL);
INSERT INTO `teacher` VALUES (735, 'teacher80', 0, NULL, NULL, '100', NULL);
INSERT INTO `teacher` VALUES (736, 'teacher81', 0, NULL, NULL, '100', NULL);
INSERT INTO `teacher` VALUES (737, 'teacher82', 0, NULL, NULL, '100', NULL);
INSERT INTO `teacher` VALUES (738, 'teacher83', 0, NULL, NULL, '100', NULL);
INSERT INTO `teacher` VALUES (739, 'teacher84', 0, NULL, NULL, '100', NULL);
INSERT INTO `teacher` VALUES (740, 'teacher85', 0, NULL, NULL, '100', NULL);
INSERT INTO `teacher` VALUES (741, 'teacher86', 0, NULL, NULL, '100', NULL);
INSERT INTO `teacher` VALUES (742, 'teacher87', 0, NULL, NULL, '100', NULL);
INSERT INTO `teacher` VALUES (743, 'teacher88', 0, NULL, NULL, '100', NULL);
INSERT INTO `teacher` VALUES (744, 'teacher89', 0, NULL, NULL, '100', NULL);
INSERT INTO `teacher` VALUES (745, 'teacher90', 0, NULL, NULL, '100', NULL);
INSERT INTO `teacher` VALUES (746, 'teacher91', 0, NULL, NULL, '100', NULL);
INSERT INTO `teacher` VALUES (747, 'teacher92', 0, NULL, NULL, '100', NULL);
INSERT INTO `teacher` VALUES (748, 'teacher93', 0, NULL, NULL, '100', NULL);
INSERT INTO `teacher` VALUES (749, 'teacher94', 0, NULL, NULL, '100', NULL);
INSERT INTO `teacher` VALUES (750, 'teacher95', 0, NULL, NULL, '100', NULL);
INSERT INTO `teacher` VALUES (751, 'teacher96', 0, NULL, NULL, '100', NULL);
INSERT INTO `teacher` VALUES (752, 'teacher97', 0, NULL, NULL, '100', NULL);
INSERT INTO `teacher` VALUES (753, 'teacher98', 0, NULL, NULL, '100', NULL);
INSERT INTO `teacher` VALUES (754, 'teacher99', 0, NULL, NULL, '100', NULL);

SET FOREIGN_KEY_CHECKS = 1;
